subject_id,generation
10057218,"A male patient presented with altered mental status; on physical examination, BP 92/55, HR 112, RR 22 and Temp 97.4; admission labs showed WBC 22.1, RBC 2.60, Hgb 8.4, Hct 25.0, Plt NA, MCV 96, MCH 32.4, MCHC 33.7, RDW 14.6, and Glucose 232; the most diagnostically relevant finding was a supratherapeutic INR of 18.0."
17388108,"A female patient presented with abdominal pain; on physical examination, BP 175/83, HR 61, RR 18 and Temp 97.8; admission labs showed WBC 12, RBC NA, Hgb NA, Hct NA, Plt NA, MCV NA, MCH NA, MCHC NA, RDW NA, and Glucose NA; the most diagnostically relevant finding was a dilated common bile duct with sludge on ERCP."
19784206,"A male patient presented with weakness and back pain; on physical examination, BP 101/36, HR 58, RR 21 and Temp 98.0; admission labs showed WBC NA, RBC NA, Hgb NA, Hct NA, Plt NA, MCV NA, MCH NA, MCHC NA, RDW NA, and Glucose 40; the most diagnostically relevant finding was acute on chronic renal failure."
14113035,"A female patient presented after cardiac arrest; on physical examination, BP 114/87, HR 103, RR 22, and Temp 34.0Â°C; admission labs showed WBC 14.7, RBC 3.62, Hgb 11.4, Hct 35.6, Plt NA, MCV 98, MCH 31.6, MCHC 32.2, RDW 13.5, and Glucose 314; the most diagnostically relevant finding was global hypoxic injury with diffuse abnormal hypodensity of the gray matter on CT head."
13439786,"A female patient presented with bradycardia; on physical examination, BP 132/114, HR 43, RR 14 and Temp 97.8; admission labs showed WBC NA, RBC 4.68, Hgb 13.8, Hct 45.3, Plt NA, MCV 97, MCH 29.6, MCHC 30.6, RDW 15.3, and Glucose 131; the most diagnostically relevant finding was a malfunctioning pacemaker lead causing symptomatic bradycardia."
10506408,"A male patient presented after a bicycle accident with back pain and respiratory distress; on physical examination, BP NA, HR NA, RR NA, and Temp NA; admission labs showed WBC 30.2, RBC 5.02, Hgb 15.0, Hct 42.7, Plt NA, MCV 85, MCH 29.9, MCHC 35.1, RDW 13.6, and Glucose NA; the most diagnostically relevant finding was comminuted fractures of T7 and T8 vertebrae with minimal loss of vertebral body height and minimal T7 fracture retropulsion."
14110360,"A male patient presented with hypotension; on physical examination, BP 100-113/58-70, HR 78, RR NA, and Temp 96.5; admission labs showed WBC 8.5, RBC 4.55, Hgb 12.5, Hct 35.6, Plt NA, MCV 78, MCH 27.4, MCHC 34.9, RDW 14.9, and Glucose 89; the most diagnostically relevant finding was bilateral infiltrates on chest radiograph."
19406715,"A female patient presented with pelvic organ prolapse; on physical examination, BP NA, HR NA, RR NA and Temp NA; admission labs showed WBC 5.8, RBC 3.77, Hgb 12.0, Hct 34.1, Plt 137, MCV 90, MCH 31.9, MCHC 35.3, RDW 13.2, and Glucose NA; the most diagnostically relevant finding was a pelvic organ prolapse."
16233012,"A male patient presented with small right intraparenchymal hemorrhage with tentorial subdural hematoma and neck pain; on physical examination, BP NA, HR NA, RR NA, and Temp NA; admission labs showed WBC NA, RBC NA, Hgb NA, Hct NA, Plt NA, MCV NA, MCH NA, MCHC NA, RDW NA, and Glucose NA; the most diagnostically relevant finding was a small right frontal intraparenchymal hemorrhage with possible C4-C6 compression fractures on CT head and C-spine."
18814107,"A female patient presented with increase vaginal bleeding; on physical examination, BP NA, HR NA, RR NA, and Temp NA; admission labs showed WBC 10.6, RBC 3.26, Hgb 10.2, Hct 29.0, Plt NA, MCV 89, MCH 31.3, MCHC 35.2, RDW 14.1, and Glucose 119; the most diagnostically relevant finding was vascularized retained products of conception on pelvic ultrasound."
